{
  "project_info": {
    "project_number": "138906851168",
    "firebase_url": "https://safeway-app-14b7f-default-rtdb.firebaseio.com",
    "project_id": "safeway-app-14b7f",
    "storage_bucket": "safeway-app-14b7f.firebasestorage.app"
  },
  "client": [
    {
      "client_info": {
        "mobilesdk_app_id": "1:138906851168:android:04ebaf4471842a5f763005",
        "android_client_info": {
          "package_name": "tcc.etec.franco.dstarde.befghl.safewayapp"
        }
      },
      "oauth_client": [
        {
          "client_id": "138906851168-dnta3mhtf68f233u9e8n4o45raunhcrd.apps.googleusercontent.com",
          "client_type": 3
        }
      ],
      "api_key": [
        {
          "current_key": "AIzaSyCqe9M31tGSsVT21c9_HxLC0YXWt9khex4"
        }
      ],
      "services": {
        "appinvite_service": {
          "other_platform_oauth_client": [
            {
              "client_id": "138906851168-dnta3mhtf68f233u9e8n4o45raunhcrd.apps.googleusercontent.com",
              "client_type": 3
            }
          ]
        }
      }
    }
  ],
  "configuration_version": "1"
}